run_label,concurrency,req_id,ok,status,latency_ms,resp_len
list_submissions,1,eece74b3-cbae-4d49-a1f1-c52fb2f69e9f,1,200,37.147,90651
list_submissions,1,438b99f0-596f-43fc-b1f2-4c08e6c577a3,1,200,23.607,90651
list_submissions,1,daf1be0e-0e64-4422-a30d-24af2958d430,1,200,25.335,90651
list_submissions,1,5ea39eb9-5b01-4880-a564-96571ba26e22,1,200,25.202,90651
list_submissions,1,1552ffcb-832e-4ce0-96a5-96a697144c49,1,200,33.411,90651
list_submissions,1,3950dddb-fd02-460b-968e-df3dd48745ba,1,200,22.295,90651
list_submissions,1,e82d60c6-1b1f-40ad-8f14-aa9d6653ee7a,1,200,33.362,90651
list_submissions,1,54aa9cf4-a441-42a1-bd79-0f1a09930f34,1,200,29.996,90651
list_submissions,1,2e5c6216-afa2-4285-84f8-ebf72e6303be,1,200,34.537,90651
list_submissions,1,e26211d5-26f8-4246-b260-1b4e748c7e02,1,200,47.184,90651
list_submissions,1,c59a102b-6619-4eba-9893-be6109d98c5c,1,200,57.118,90651
list_submissions,1,90eef079-782c-4bcd-847a-8fd00f8e3a86,1,200,45.798,90651
list_submissions,1,43736b43-5b92-474f-b410-90042de68295,1,200,44.244,90651
list_submissions,1,3fb4f7b4-6c93-4b47-905e-bd543823e9f1,1,200,25.855,90651
list_submissions,1,c9022177-5f9c-468a-99f6-21cc7962f2a0,1,200,46.146,90651
list_submissions,1,6d654957-ea05-428a-bcf9-cf6a4494c208,1,200,24.457,90651
list_submissions,1,4c4b21a7-c684-4b6c-b5ad-a342f6611ac9,1,200,19.532,90651
list_submissions,1,a9ee38a1-9262-4b45-9ced-89ca8e2a344a,1,200,20.417,90651
list_submissions,1,628a979c-1776-4ccf-a4a6-8dce8dcef68d,1,200,42.987,90651
list_submissions,1,6b799031-90a5-4ca2-b87f-d406f1823dae,1,200,47.903,90651
list_submissions,1,c12944d0-7e7c-4cad-8b31-f79bbc19029c,1,200,48.638,90651
list_submissions,1,c19ebc2e-1452-413d-8a3f-90321dc9187b,1,200,19.537,90651
list_submissions,1,ac8da01c-5efc-48ee-ba99-0b456baeae65,1,200,18.736,90651
list_submissions,1,b8e4eff2-1060-4c51-9afb-27db5998d093,1,200,49.096,90651
list_submissions,1,994e2267-57ab-4a68-9578-b1df56b77a51,1,200,27.103,90651
list_submissions,1,9198db59-1abd-49dd-af76-a61d0193997f,1,200,50.997,90651
list_submissions,1,3328f295-e3fd-44ee-bc61-45c67d54346f,1,200,62.903,90651
list_submissions,1,2afe2fbd-9c15-4497-8206-ed1014833c19,1,200,42.726,90651
list_submissions,1,87c6fd91-68b4-40a0-a7b6-3aadcbe8c5c3,1,200,71.853,90651
list_submissions,1,bedf1f2c-d520-4fbf-9c3a-7f9699873e61,1,200,68.419,90651
list_submissions,1,a44dbb85-791d-4ee8-8f98-db06d241c457,1,200,52.430,90651
list_submissions,1,ecd88aa9-c125-4ac5-adab-d6cb8440f863,1,200,59.852,90651
list_submissions,1,b4f2d0d3-2079-4a6c-a656-f851794f39eb,1,200,37.808,90651
list_submissions,1,cb5b046b-73d7-4735-912b-ab6692feedd6,1,200,66.227,90651
list_submissions,1,3ded4780-9658-4efa-bab1-838388ff8ea7,1,200,29.651,90651
list_submissions,1,e21c7172-d424-485c-9134-e122fb9221c1,1,200,28.681,90651
list_submissions,1,0f2e25be-1aff-4698-b452-c8fbc6e41a42,1,200,32.064,90651
list_submissions,1,d5b23102-4927-4233-872e-27a85c70c9ef,1,200,25.173,90651
list_submissions,1,4ee809aa-bd16-423e-8aef-03915a833853,1,200,20.775,90651
list_submissions,1,ad3f9031-78ed-4f2c-8073-da5d3c58f96a,1,200,26.091,90651
list_submissions,1,107a574d-f8a4-49f0-a116-fc4d5c9f58e8,1,200,45.756,90651
list_submissions,1,377be0e6-d6d2-4ccb-a565-e7aaa5770386,1,200,24.212,90651
list_submissions,1,b3f951b3-65cb-4a4b-8816-109fd4f757a6,1,200,36.499,90651
list_submissions,1,e0248500-37b5-4185-9ba5-5a598c2271fd,1,200,21.859,90651
list_submissions,1,935b5e05-2245-4576-b02c-e1076580737a,1,200,22.348,90651
list_submissions,1,a82a0100-4027-4841-a0fc-0e685c9811ed,1,200,24.770,90651
list_submissions,1,5fcaa53f-5fc6-4322-9e55-6bc7062b250d,1,200,24.806,90651
list_submissions,1,35275c01-6cd7-4363-b032-744db0bfb56d,1,200,42.519,90651
list_submissions,1,9c8fdde0-7ebc-4620-bd0a-5741a0bc34fe,1,200,18.627,90651
list_submissions,1,2ca59969-20d4-4554-8985-36c6d86293f8,1,200,47.197,90651
list_submissions,1,3b5ec084-a605-436c-ad1e-0d19774bcc87,1,200,42.484,90651
list_submissions,1,2941ac44-0fa2-4769-bbd2-3ab11bb6bf9c,1,200,18.977,90651
list_submissions,1,89a991bf-9a73-415d-af71-d30bb113075f,1,200,19.629,90651
list_submissions,1,e1f4efb6-9dde-4e39-b6e5-326fc366b4d7,1,200,19.195,90651
list_submissions,1,1ec9ea37-aec0-470d-b4f0-8fb4c41c309f,1,200,47.333,90651
list_submissions,1,5d7e2cd2-60c3-46df-81eb-2342c4c1ba1d,1,200,23.994,90651
list_submissions,1,eb6bdb6a-45c5-4e55-818d-252cd061b528,1,200,27.462,90651
list_submissions,1,82e198df-0b31-46c4-8804-1b85e7541852,1,200,24.459,90651
list_submissions,1,43242a64-0846-4a9d-aaad-39c859f1fa08,1,200,26.331,90651
list_submissions,1,2744c933-2831-4204-82d6-16ef1526be8f,1,200,17.019,90651
list_submissions,1,f24d4a76-2bad-416b-85fe-36fe3e0747b6,1,200,20.408,90651
list_submissions,1,caa88e01-5e1e-4f21-9c0e-3cba8ac61f83,1,200,20.306,90651
list_submissions,1,36aacfc8-e088-4f2b-8543-aae153977d98,1,200,19.435,90651
list_submissions,1,801ad612-a2b0-496c-a3a7-9324c1ef39b6,1,200,19.884,90651
list_submissions,1,b1ed9f5d-4b8e-4f53-8977-5ccbba388f5c,1,200,19.748,90651
list_submissions,1,8fc07600-be1b-444f-99ba-2ddcd9b15e62,1,200,42.916,90651
list_submissions,1,fe5834c2-45a0-48dc-a3c7-07b9f4ba17d1,1,200,28.879,90651
list_submissions,1,c2b56dcf-b5d9-422a-b8c7-73a87d1489dc,1,200,33.322,90651
list_submissions,1,469522bf-a53a-4b6f-b4d3-80f0ff0c5ebc,1,200,18.804,90651
list_submissions,1,15add00a-5b98-4f30-9197-04996488c692,1,200,33.362,90651
list_submissions,1,be411f9a-182b-444b-84e4-ca81382cdf8c,1,200,37.727,90651
list_submissions,1,8ec75508-43f5-412e-b8dc-68fe200c3573,1,200,18.562,90651
list_submissions,1,0e5b3b27-69b5-47c7-ae3d-66deee87499a,1,200,40.515,90651
list_submissions,1,7e6956fa-6322-4854-9174-e31af21431ca,1,200,25.149,90651
list_submissions,1,5c38a462-771b-4a24-a751-0ef3d995c1fa,1,200,21.497,90651
list_submissions,1,1a3adc78-5fb5-4827-905e-34fec9261538,1,200,18.247,90651
list_submissions,1,0cdbb047-2b4a-472f-a316-2e27695242de,1,200,18.411,90651
list_submissions,1,fb268966-c4fc-4cd0-930e-7e44214f4abd,1,200,22.284,90651
list_submissions,1,dac14842-4ff9-4fd2-ad73-1f0f2d9218ef,1,200,17.141,90651
list_submissions,1,6e9185b6-0e49-4f59-bed1-25607df81e6a,1,200,16.560,90651
list_submissions,1,0e40eab4-e2f3-4f06-bac4-05c462b3f7d3,1,200,24.116,90651
list_submissions,1,d91fdff1-fb63-4acc-b723-cf93444b1787,1,200,22.092,90651
list_submissions,1,d1cbaada-d948-4274-af34-30c91bedd101,1,200,17.883,90651
list_submissions,1,fe59bffb-3c3f-4af1-ac01-cba86638ad2c,1,200,25.803,90651
list_submissions,1,70611bd1-67b3-4f73-97b0-8c5006f06c97,1,200,20.009,90651
list_submissions,1,fa2683cd-c51d-453b-af56-ba719acf925f,1,200,21.405,90651
list_submissions,1,50ea1359-b43c-4454-8886-e8c806baf1c9,1,200,24.280,90651
list_submissions,1,a7eb845a-5419-4e5a-9db3-12335ab7464f,1,200,24.548,90651
list_submissions,1,2430aa68-934e-4461-af06-3f87f7c66f6a,1,200,24.043,90651
list_submissions,1,7443ef3c-111e-4c02-ada4-0aab54801342,1,200,22.226,90651
list_submissions,1,2d3f4f14-6c73-4e07-ae59-ae2be63b27b6,1,200,23.318,90651
list_submissions,1,e5506e23-b063-440a-acee-eb68988398dd,1,200,25.877,90651
list_submissions,1,d40a8e05-ae1c-4579-9181-ba758d43bcac,1,200,20.362,90651
list_submissions,1,37a3d3c9-e32f-4420-be62-447e5c256d5c,1,200,29.102,90651
list_submissions,1,c4aa957e-fe48-437e-9aed-50ffdf1bf1a8,1,200,25.719,90651
list_submissions,1,b8e559ea-ecbc-4f17-ba67-695b86e75afd,1,200,36.642,90651
list_submissions,1,e24dd052-0505-4c66-b267-94d207ed6b77,1,200,22.424,90651
list_submissions,1,2e03ca4a-6c8e-4c47-a6cd-1a59b847b332,1,200,39.020,90651
list_submissions,1,2d04dde5-e3f9-4b9a-abd6-1d06fbece8db,1,200,20.575,90651
list_submissions,1,386bd6e8-9a12-4826-ba12-bcb9ad9bd8a7,1,200,19.461,90651
list_submissions,2,439a26ce-8468-47a8-a29c-b14d53dd22bc,1,200,31.086,90651
list_submissions,2,3d3f98d4-ee93-4ae6-aa22-351bfea92045,1,200,41.781,90651
list_submissions,2,f30bada5-7cc5-4b84-b7e5-96e1ebf03ee7,1,200,52.799,90651
list_submissions,2,f0b1fb78-cf1f-4308-a58c-2ee9e5e88dbd,1,200,63.300,90651
list_submissions,2,2c179666-6cc5-472f-a043-d8ab5950344b,1,200,30.394,90651
list_submissions,2,31dc59b2-d296-41e4-8023-19ee02959439,1,200,67.309,90651
list_submissions,2,bdd1197e-111c-42e5-8404-f4114985157d,1,200,48.633,90651
list_submissions,2,fc6a5e16-83ac-4dab-8c13-798207717dae,1,200,77.806,90651
list_submissions,2,f37f7890-893e-4259-8a37-5031e42fe47a,1,200,44.979,90651
list_submissions,2,1390db57-dfd6-412d-91e7-fe0ba456d68d,1,200,45.216,90651
list_submissions,2,1d4fb732-b39e-4f0b-b7f9-e3bb3fed6789,1,200,52.461,90651
list_submissions,2,cafb3cde-47fb-4b7a-b576-f937f7bd1ba4,1,200,55.978,90651
list_submissions,2,34a282ec-b81b-4d5c-ae62-3947173fd457,1,200,23.393,90651
list_submissions,2,bbecb94c-14f7-4df7-9b7c-bee8f3f86ea6,1,200,50.943,90651
list_submissions,2,6dfb4514-c22f-4436-9967-831fc0fa11e5,1,200,36.838,90651
list_submissions,2,8384d33d-4cf9-4497-b720-143a74e12a14,1,200,39.972,90651
list_submissions,2,eb67af12-a99d-4166-bd73-8b22ab4a2e37,1,200,46.573,90651
list_submissions,2,5e3b90b5-881f-4159-aa74-ca9131951c54,1,200,44.710,90651
list_submissions,2,46dc4ea4-491d-4838-bfeb-3b7bd2be8d67,1,200,33.719,90651
list_submissions,2,d17a5110-5374-473d-854d-366520079bb2,1,200,57.979,90651
list_submissions,2,88589b63-e9d6-439e-8acc-b3def9f5ee4f,1,200,49.757,90651
list_submissions,2,5cc5c87d-6e45-40b4-91f4-2ac56e891292,1,200,48.178,90651
list_submissions,2,1a40f1ac-3d48-426b-88ae-4f980bd95d45,1,200,48.132,90651
list_submissions,2,e05ce2ad-a586-43a9-b7fc-f56088d9c0a3,1,200,47.698,90651
list_submissions,2,5336531b-c70c-4c1b-a1cd-a422eca76f12,1,200,34.133,90651
list_submissions,2,9c61627a-b3f1-414e-8eb4-c3c226a57074,1,200,34.189,90651
list_submissions,2,a42dc9ba-1751-4d82-b680-bde2389156ea,1,200,39.341,90651
list_submissions,2,b276f59e-05f4-43e5-a0da-f002b807ae6d,1,200,68.176,90651
list_submissions,2,df918fc7-f69c-46ff-9222-28d7fa056cde,1,200,28.018,90651
list_submissions,2,ed8ec685-6fa3-4782-91b7-579f865ff80c,1,200,58.597,90651
list_submissions,2,94c14c05-a902-42fd-acd7-93b83e928ab8,1,200,57.587,90651
list_submissions,2,b5778152-10ee-43ba-bf7b-134fe039b410,1,200,83.300,90651
list_submissions,2,f017872a-4844-4484-8948-ee95d8e764d9,1,200,24.077,90651
list_submissions,2,02bce58a-64aa-4dd2-9705-6ca9d5841fac,1,200,50.334,90651
list_submissions,2,49a97877-dbc8-4586-a1e8-2a095d6d2dc0,1,200,44.099,90651
list_submissions,2,6875994b-5f11-482d-abf0-f04c2a3521f9,1,200,43.537,90651
list_submissions,2,e62f20b6-5264-46d0-a941-553a25749932,1,200,50.270,90651
list_submissions,2,c2f70ad8-d58b-4649-9624-8643a440452d,1,200,55.276,90651
list_submissions,2,da82c5d8-12a7-4098-9e5a-df2275952dfe,1,200,33.508,90651
list_submissions,2,d2bbfeda-f3ec-45c1-b471-daca641ade06,1,200,65.795,90651
list_submissions,2,af9f6a23-e3c3-4b8c-bb05-54870c4ed7c3,1,200,28.595,90651
list_submissions,2,4e225911-2bab-40a6-9657-9842212f22ed,1,200,58.472,90651
list_submissions,2,645526fd-509c-4aac-8aeb-0ecdf41ff2db,1,200,29.651,90651
list_submissions,2,7373cad1-7afe-454b-a054-ea32d75e2bb8,1,200,55.282,90651
list_submissions,2,e53b5973-63cc-4130-be91-6f71af888f14,1,200,37.303,90651
list_submissions,2,3610dbf7-3a4c-4ccd-8158-c603a51146f6,1,200,64.767,90651
list_submissions,2,b612e209-41e3-495b-ac8f-24c307aa41d9,1,200,34.887,90651
list_submissions,2,8cb16dab-6b3f-4943-be2b-70a1ceb88933,1,200,66.132,90651
list_submissions,2,e8620271-4287-4be4-ac0c-fc61d335f7b8,1,200,39.459,90651
list_submissions,2,f2db4894-5e95-40c9-9d41-18aea2fcf2d2,1,200,68.257,90651
list_submissions,2,aefa5503-5b7a-490b-9a14-000ab421f158,1,200,39.854,90651
list_submissions,2,533911c1-1a4d-4b05-99e1-a0eb5fcd5827,1,200,68.292,90651
list_submissions,2,a359d1ef-e677-48c2-9c12-51358882ad40,1,200,29.172,90651
list_submissions,2,45ce3b86-dfff-466e-b673-c09c82aad3ee,1,200,58.571,90651
list_submissions,2,cb480767-c5a1-4e35-8c4b-8f1ac8e6e42f,1,200,48.783,90651
list_submissions,2,9b2330ec-5de1-4908-b80e-5705f34a35d6,1,200,44.179,90651
list_submissions,2,215c3c65-c422-4948-8a5e-b49a75e04595,1,200,42.214,90651
list_submissions,2,17332a7c-74d2-4f4f-8c77-b3693df59ef8,1,200,42.188,90651
list_submissions,2,067a087c-8fe4-4895-bedd-d9f97dd1398e,1,200,60.574,90651
list_submissions,2,087f3e05-03c0-41e8-a5d4-3b176896a011,1,200,83.957,90651
list_submissions,2,753e3914-0948-4300-ab8b-862224e533ed,1,200,27.184,90651
list_submissions,2,efa5c26c-036c-4998-aaa3-2d9c24c4670d,1,200,50.198,90651
list_submissions,2,daebb031-0a1e-4fd7-9e05-b0dcc9eb97ab,1,200,34.482,90651
list_submissions,2,8a5f2235-b64b-4665-8abf-84d6eb984baa,1,200,55.021,90651
list_submissions,2,71f35b2b-78a3-4d97-8e81-27bee1454b0c,1,200,32.753,90651
list_submissions,2,40cd7a75-519c-4c18-85dd-d9586a3b5737,1,200,53.592,90651
list_submissions,2,1c510440-af3d-4184-8ec8-7af4892bf87e,1,200,28.911,90651
list_submissions,2,3b87ab28-f1d8-4698-a2a2-043e0a9fb02a,1,200,52.234,90651
list_submissions,2,0759c078-1137-4e57-81b7-8046cd24c802,1,200,30.350,90651
list_submissions,2,268a41c7-4dec-476c-845d-b054053681fe,1,200,54.789,90651
list_submissions,2,ce8b84b3-e3af-4062-b09a-cb2d3b7e85c8,1,200,34.828,90651
list_submissions,2,97493bfd-7e38-405d-9c77-754c3d3aa9e3,1,200,85.174,90651
list_submissions,2,238e57ed-dc98-4797-a1f3-326ef69e943a,1,200,75.047,90651
list_submissions,2,c457d50c-7bce-441e-bdbb-3d228f4a06c9,1,200,52.145,90651
list_submissions,2,8b264d0f-a005-40f0-9da0-28ccadf5c62b,1,200,31.498,90651
list_submissions,2,974eaeff-328e-4d83-a9d2-7d7048a48e71,1,200,61.019,90651
list_submissions,2,d1118c89-81e0-4f70-99a0-d8726c22e871,1,200,41.340,90651
list_submissions,2,ceb22e8d-3f71-4326-ad24-8e809bc8c2ec,1,200,44.080,90651
list_submissions,2,acb76a90-134c-4c01-aba6-6744b99d1683,1,200,57.981,90651
list_submissions,2,77ed90c3-eaa1-4929-b86f-5ca248235502,1,200,57.389,90651
list_submissions,2,962745b0-7beb-4df0-a320-9a670075495a,1,200,61.517,90651
list_submissions,2,943e7097-2932-4a5e-8080-e053d73cd983,1,200,61.144,90651
list_submissions,2,ccd0ff17-9d0b-46df-b3c6-a18112ba9167,1,200,33.601,90651
list_submissions,2,662f32f1-4cbe-4919-8384-5d7c32f065cc,1,200,116.406,90651
list_submissions,2,32db60c9-b699-4dc7-bb28-6150dd143ad3,1,200,79.753,90651
list_submissions,2,a419c437-87e0-43e6-bfc1-74d8dc6ff637,1,200,41.850,90651
list_submissions,2,6321d268-920a-4125-9190-9be8bb112dc0,1,200,39.903,90651
list_submissions,2,debaf17b-3aca-45cf-88d4-d688321f84c8,1,200,40.437,90651
list_submissions,2,f13d80a7-e4e7-44a6-b15c-34a34f6a11f3,1,200,44.097,90651
list_submissions,2,12c19347-99a9-401f-a391-b6c3a3a44ac1,1,200,44.737,90651
list_submissions,2,71268364-1b0a-4da4-8094-7bd076f68657,1,200,41.676,90651
list_submissions,2,e1cd3b56-50b0-4a48-9f82-e3c480da5f63,1,200,34.419,90651
list_submissions,2,243e6f1f-d544-4226-8c80-2194af82987b,1,200,35.987,90651
list_submissions,2,dcde8fac-651b-4c9f-bef1-2030aa8be45d,1,200,44.663,90651
list_submissions,2,0348945a-cae1-4b62-b74f-5cd0ade45de4,1,200,42.678,90651
list_submissions,2,e7036b97-2f90-4f6e-aa4c-e863942991c4,1,200,25.028,90651
list_submissions,2,c02546d8-7731-456f-b88d-443d1a56e83c,1,200,47.062,90651
list_submissions,2,b22dc9aa-7453-47c0-90d5-c786edee4615,1,200,43.186,90651
list_submissions,2,8017ecbc-afa4-4133-a4e1-329270e9f40a,1,200,42.906,90651
list_submissions,2,025e6d43-9d8b-431f-a59f-5de26faba6df,1,200,30.163,90651
list_submissions,4,9f6cf836-8558-421b-9509-122c369df53d,1,200,102.175,90651
list_submissions,4,eb48ec82-7cac-4295-a12d-eb7f036b1f98,1,200,117.455,90651
list_submissions,4,8441a611-976e-4771-a1e1-c65d302f349c,1,200,128.207,90651
list_submissions,4,ceb8ae7a-5c8e-47dc-87ae-85efd21b4fbe,1,200,138.249,90651
list_submissions,4,6f9613c4-51a6-45fb-8d66-981846dd2517,1,200,70.080,90651
list_submissions,4,80d2e9c9-71d9-4f6a-9ffb-50d35d429d4a,1,200,107.905,90651
list_submissions,4,e015d7ad-187e-4a55-93c0-80ef18cc2788,1,200,99.098,90651
list_submissions,4,1e4ba0a7-67f4-4061-8526-aaee0b920414,1,200,103.442,90651
list_submissions,4,6de80ad3-28c8-4f91-b476-d5995238aaf5,1,200,24.728,90651
list_submissions,4,1d95f32f-3ad4-4c8b-be13-b1b70b6c43a1,1,200,65.332,90651
list_submissions,4,660e766f-88ef-46fe-8781-b40672a53881,1,200,135.890,90651
list_submissions,4,8f85b36f-7c15-4742-9fcd-90a05ce23c55,1,200,73.136,90651
list_submissions,4,b14ea51c-f404-44a5-98b8-20d650425a9d,1,200,144.893,90651
list_submissions,4,ff41eedb-cad6-4c7f-8d26-b24a39f00b2d,1,200,78.246,90651
list_submissions,4,14b6993e-001b-47a1-87ba-5c5d8b0d68d7,1,200,92.113,90651
list_submissions,4,188d673d-5f0a-4426-b83f-390c5ca57c70,1,200,118.635,90651
list_submissions,4,bd054633-d2e8-41f1-9c86-b6a00bc242a9,1,200,146.975,90651
list_submissions,4,4f09188b-a927-4de9-9840-fa2c922bc4bf,1,200,109.544,90651
list_submissions,4,18c3ceb1-d9aa-4504-bfd0-29cec503387b,1,200,80.570,90651
list_submissions,4,1f4f0972-297d-4a9b-a2d2-a929dde5d6bd,1,200,116.162,90651
list_submissions,4,097f48d6-70e5-4f96-9151-88c78712f0d9,1,200,118.556,90651
list_submissions,4,c468b1b1-fd5c-457b-8b81-086274cf29c4,1,200,158.050,90651
list_submissions,4,2ede5271-532e-40c8-b51a-db41047334f8,1,200,77.921,90651
list_submissions,4,9347325a-e5f8-4186-b401-5b2f9663461e,1,200,105.477,90651
list_submissions,4,bdb21c1e-c53f-46f7-9fe0-6ed5b4c59cb3,1,200,73.468,90651
list_submissions,4,b2a0b0f8-8959-49bf-97f3-fb3e1cd52232,1,200,102.653,90651
list_submissions,4,d2442930-f0e8-4ecf-b4ff-57391b79db0f,1,200,101.982,90651
list_submissions,4,23762413-8f5d-41f9-837a-3d747c3d535d,1,200,90.150,90651
list_submissions,4,bc42bc0e-609f-4490-b918-108816ab46cd,1,200,139.692,90651
list_submissions,4,9b941b69-4b6e-4807-bce9-c33a1e08aec1,1,200,125.145,90651
list_submissions,4,a06b6737-6d55-4bfe-9f50-df578c1a0333,1,200,117.792,90651
list_submissions,4,0fccbf0b-3b58-4021-81e7-5f2c7ef8d86d,1,200,93.086,90651
list_submissions,4,085da90b-4369-4750-a6cc-4e65023ac068,1,200,125.883,90651
list_submissions,4,69ecea6e-b640-4bcf-8151-5fbb7a995c74,1,200,124.957,90651
list_submissions,4,9cd07832-33d8-4ee7-ba9f-824885cc0098,1,200,113.425,90651
list_submissions,4,4e8ec624-e389-4cdb-a96d-770d96321a32,1,200,119.890,90651
list_submissions,4,96bbc794-bd14-4a93-bc47-5e0b7941f1db,1,200,111.782,90651
list_submissions,4,7ac0a14b-067a-4d0c-b800-4a90822222ae,1,200,133.639,90651
list_submissions,4,4b61af14-1686-4a5d-96fe-634d524ac8a7,1,200,44.200,90651
list_submissions,4,3e25efb1-5a3f-4b94-b39e-e6ee13b902a8,1,200,95.294,90651
list_submissions,4,b30ad5f0-6db9-479e-8aa8-73cf2f35dc6e,1,200,95.564,90651
list_submissions,4,9fd5d821-e174-4d91-a6b3-0664a84149a4,1,200,49.506,90651
list_submissions,4,9dd3e1b8-b231-4853-96c7-3ed7d9e8e833,1,200,94.603,90651
list_submissions,4,ff82021a-1e62-4531-a0ea-fc8bc944329a,1,200,105.858,90651
list_submissions,4,d2387539-181b-49df-8189-a3a604d7e033,1,200,106.066,90651
list_submissions,4,044eae53-004c-4fff-b839-b2eb5f7c9e4c,1,200,145.305,90651
list_submissions,4,362f4020-3ec5-42ce-be03-df5760e9ea37,1,200,115.146,90651
list_submissions,4,2e35fca4-4fac-4cf2-9ba5-734041f43a71,1,200,89.646,90651
list_submissions,4,433c5779-a81e-4711-a059-62a8b3da5b48,1,200,89.730,90651
list_submissions,4,610fdbca-04ff-4c91-97de-9dd131a1f0dc,1,200,134.781,90651
list_submissions,4,bc13ff89-f55a-4cd2-8514-4952cfced86e,1,200,137.947,90651
list_submissions,4,b71211cf-fc0c-44a1-bc43-9789bbdd8d29,1,200,92.031,90651
list_submissions,4,12435577-6091-4e44-b0ae-350655a9d319,1,200,95.694,90651
list_submissions,4,8e0b8d27-af2b-4080-aa3a-4bde4f403f6f,1,200,98.922,90651
list_submissions,4,85f8daa9-1447-4375-840a-a498d040ef4c,1,200,153.731,90651
list_submissions,4,50af462e-7ede-40f5-86e3-468a511a08b4,1,200,98.017,90651
list_submissions,4,51d20ea5-c451-4535-97a5-cbde020a48cd,1,200,91.558,90651
list_submissions,4,460cd0f7-b5ac-4bb1-a6a9-455764ad1802,1,200,153.256,90651
list_submissions,4,c41c4d64-8476-467a-af0f-203cd652a38b,1,200,147.611,90651
list_submissions,4,8e169d47-1d6f-4ee0-90bf-5591dbb66f3d,1,200,75.057,90651
list_submissions,4,d800e960-dce6-4a36-b478-9b869df9deaa,1,200,135.163,90651
list_submissions,4,9457fcd5-a124-4ed8-b05d-73541045e4df,1,200,125.552,90651
list_submissions,4,7b27846c-6458-4e8a-a73a-dd46808f71df,1,200,147.082,90651
list_submissions,4,7f2bf699-b820-4fdd-a29a-27c622257121,1,200,75.025,90651
list_submissions,4,afd97d1a-83dc-4950-898d-9a941e2bf9ba,1,200,37.434,90651
list_submissions,4,a723b93a-c999-48f8-838c-1918d8048018,1,200,72.419,90651
list_submissions,4,3d00fcbb-8985-4672-977d-30b09efbcc62,1,200,72.301,90651
list_submissions,4,a40d3b5c-cf7e-42e5-b870-cfcd5bb32790,1,200,79.117,90651
list_submissions,4,9d15d100-ede1-46ed-8951-285e4ba80893,1,200,82.606,90651
list_submissions,4,93d9b4d5-b9b2-4e28-a4d6-862000974a75,1,200,75.632,90651
list_submissions,4,da6eb32e-2616-49c3-9880-aa7448789b39,1,200,104.347,90651
list_submissions,4,8e3b517c-ab35-461f-ab60-7be7954c8d5c,1,200,84.006,90651
list_submissions,4,fa033626-117e-4d53-9440-b2967f4e4ab3,1,200,115.699,90651
list_submissions,4,4e859ab9-375c-41f7-bf97-b7a895f80c81,1,200,144.581,90651
list_submissions,4,e8be8697-2946-48c3-bc42-22ebdc0927d3,1,200,104.735,90651
list_submissions,4,5002d360-05b9-4743-a25b-fd17294ac4a5,1,200,100.503,90651
list_submissions,4,73861f83-8a33-4fa3-8651-a11d67055bb7,1,200,84.875,90651
list_submissions,4,effeeac2-f0f1-4b54-a7f2-793b92c10cea,1,200,108.235,90651
list_submissions,4,b7e13460-cfce-4443-b63f-d924f0162048,1,200,96.144,90651
list_submissions,4,ddb57878-801d-4c61-9667-fc01546a34e6,1,200,118.320,90651
list_submissions,4,4ced90ec-c4dc-41c5-9630-01d73c11318d,1,200,117.809,90651
list_submissions,4,d407e97f-9d60-4ecc-88da-1c3c75e1d8f5,1,200,106.426,90651
list_submissions,4,b6d21dc7-63f4-4590-9315-1b5c1fa9b0ba,1,200,127.245,90651
list_submissions,4,668a2fda-81a9-4115-ac10-d04ffe39c411,1,200,91.638,90651
list_submissions,4,2daae1c3-a6dd-4cc6-9a4e-61c9687b1d74,1,200,123.356,90651
list_submissions,4,fe6efd3d-3fb6-4173-990a-7d4b4f481a2d,1,200,103.101,90651
list_submissions,4,0ea8b6e6-1056-432c-9c96-56ad8160c713,1,200,134.379,90651
list_submissions,4,bb493077-3122-4de3-9bb1-8b1821b8cf05,1,200,112.141,90651
list_submissions,4,f711ea46-e572-4285-ba64-825aa672f969,1,200,105.703,90651
list_submissions,4,6f51d379-2e8e-4899-909d-9dc010a4316f,1,200,129.575,90651
list_submissions,4,068b27dd-3321-4d78-9bb8-60c0513bb01e,1,200,164.244,90651
list_submissions,4,7683600b-8ffd-4bb7-a70d-8fece087b7b4,1,200,92.531,90651
list_submissions,4,fca0151b-ccfa-4d3f-9e5c-86a09d8ef102,1,200,104.116,90651
list_submissions,4,f748c1c9-26db-437b-984e-12c9136512f5,1,200,110.646,90651
list_submissions,4,5865ce06-37a6-434e-9f2b-bc6302ab4dff,1,200,168.873,90651
list_submissions,4,4bee9f22-54cd-4d58-847e-f4b9081e77fe,1,200,110.758,90651
list_submissions,4,f231de30-df83-44c3-a09f-a450a0c22f4b,1,200,82.209,90651
list_submissions,4,c03e4486-9c4d-42a5-9656-6332043bc1c3,1,200,82.769,90651
list_submissions,4,39b3b25c-d674-4283-8549-20171a6e9fbb,1,200,132.692,90651
list_submissions,4,1063165e-1c62-4737-a541-3fda16528f91,1,200,99.284,90651
list_submissions,8,8676d3c2-67f9-4611-808c-776ba0bab17d,1,200,57.797,90651
list_submissions,8,3f89608d-e077-4f97-bbad-c04ccda0fe99,1,200,77.296,90651
list_submissions,8,ded6f6d8-2e6b-447b-95b7-66ff5cc87402,1,200,90.680,90651
list_submissions,8,f68e9ebf-89d4-4598-be7f-e922d618df26,1,200,150.442,90651
list_submissions,8,1c5556c0-6015-456a-b112-73af43382038,1,200,160.609,90651
list_submissions,8,af957b4a-14c6-427f-b6b0-19e42711be20,1,200,172.542,90651
list_submissions,8,05602d53-0e35-46aa-b8a5-02c8aa0175c4,1,200,183.545,90651
list_submissions,8,828b37c5-05ef-482b-88d4-591d0e2b2f45,1,200,194.134,90651
list_submissions,8,f42fe080-452d-4fa9-8807-7f18b1542348,1,200,312.440,90651
list_submissions,8,01d56982-daa8-4d33-b5d0-ea9761b6704c,1,200,294.140,90651
list_submissions,8,0c179b3e-7429-42c1-bd9c-de7c402b83a7,1,200,237.658,90651
list_submissions,8,59a6d76e-d28c-4722-a3b3-9921521621f7,1,200,258.207,90651
list_submissions,8,f82f1707-7841-41aa-bdc0-a849307c6738,1,200,247.502,90651
list_submissions,8,969b97e7-7790-46a9-9aab-45b3dda11cec,1,200,353.702,90651
list_submissions,8,051f875a-8bc1-41ce-8c1b-bc995817f341,1,200,261.203,90651
list_submissions,8,3b018ca9-19ca-46f3-b85e-e8d38fe0f900,1,200,261.438,90651
list_submissions,8,448b3ca2-3c01-42a5-8b8f-5c86e43436c5,1,200,96.574,90651
list_submissions,8,dbd6e676-cbe3-4c69-87eb-0827fcbdc767,1,200,99.530,90651
list_submissions,8,7fce912b-d6ab-4470-930a-4da19eed3b80,1,200,260.701,90651
list_submissions,8,aeaecd2f-f3af-401c-bb9f-5e2f56bb0b51,1,200,196.198,90651
list_submissions,8,eed07058-dd65-4068-a773-cf6a654bb870,1,200,286.085,90651
list_submissions,8,f21efe96-8b0b-4f2f-9a5a-3bf17275f535,1,200,275.565,90651
list_submissions,8,4e6c763e-e297-42e7-85f9-300ee7c68792,1,200,300.301,90651
list_submissions,8,5490aac0-9c6c-49cc-b056-7ae06cb540c1,1,200,276.068,90651
list_submissions,8,030ac8c8-50e7-4aa6-8498-7b0fdb9da7cd,1,200,299.379,90651
list_submissions,8,77e12c8b-806c-4f0f-aa0f-e54d93b075ce,1,200,287.649,90651
list_submissions,8,4c210efa-61b8-4311-a8f8-82fc9d925f80,1,200,233.560,90651
list_submissions,8,58f307ec-3699-49e8-bd98-2660f47aa64b,1,200,189.447,90651
list_submissions,8,fff747eb-b3ba-4a2c-8a75-085cca449588,1,200,288.834,90651
list_submissions,8,bf02b789-8d23-4fd5-a675-4aec1e23922f,1,200,267.807,90651
list_submissions,8,4ab59725-a5e6-4f78-845a-ebb145b5f782,1,200,222.559,90651
list_submissions,8,5044f98c-8443-4727-8d86-9d043154e34c,1,200,272.420,90651
list_submissions,8,93d74aa9-6f30-4dc3-97cd-9923d32ed27f,1,200,300.343,90651
list_submissions,8,0edfe009-0852-46f1-ad4a-47afe68e8728,1,200,291.007,90651
list_submissions,8,1cfe75df-a708-4696-b9f0-fe5c9db97212,1,200,159.824,90651
list_submissions,8,1bfc87ed-f52a-4687-a33e-d5b3d7fef24c,1,200,68.103,90651
list_submissions,8,1b736c9d-e243-49ee-bbf2-4d3ec42b9187,1,200,156.457,90651
list_submissions,8,bf31d771-8fe7-4547-a13c-8a8e970904e3,1,200,111.764,90651
list_submissions,8,958c6e8d-88cd-4035-b2d8-4790b338e3ef,1,200,197.131,90651
list_submissions,8,2e9ab21b-f8d6-4ab3-8070-4821ccaf003f,1,200,178.489,90651
list_submissions,8,404911d9-230f-4917-b18c-52ed79427fc7,1,200,174.470,90651
list_submissions,8,cb93e078-33de-4b12-81e6-7569f21a62a0,1,200,170.356,90651
list_submissions,8,a2201013-5f6c-4981-95ff-65997b18571a,1,200,237.705,90651
list_submissions,8,2a3f9294-930a-4f0d-82c9-7d2ef4f64cc7,1,200,248.326,90651
list_submissions,8,c3f30188-d78e-4135-8ef3-b932c1fd8668,1,200,307.542,90651
list_submissions,8,4cb473a7-46b4-4ff3-9319-a3aca6283772,1,200,276.179,90651
list_submissions,8,4b6f5137-fc6f-4994-98dc-c0ed4f81a0a7,1,200,371.351,90651
list_submissions,8,8b73dfe4-adce-41a5-8c24-3b2726067881,1,200,340.743,90651
list_submissions,8,c3e5be7f-5bf6-4af6-b533-1c700286c9e1,1,200,311.759,90651
list_submissions,8,9e116547-43e5-4988-a8aa-6f9f346fa1ce,1,200,398.586,90651
list_submissions,8,3a86bc25-f068-4d5c-89da-c06f3e0c1f46,1,200,143.196,90651
list_submissions,8,4d1b7f13-51b3-4fee-9d5a-b49a02752c55,1,200,103.377,90651
list_submissions,8,e89c575d-01bb-4afc-b855-dd9d1fdd1484,1,200,71.919,90651
list_submissions,8,bfa3ed3a-0a5b-4dce-bc1f-6a6ee63fc52b,1,200,151.092,90651
list_submissions,8,d68ce34b-13ae-482f-b815-a85c57564d01,1,200,221.910,90651
list_submissions,8,f005d367-6c5b-4552-a396-186cce4037c0,1,200,125.363,90651
list_submissions,8,ecd37fd8-7a65-4c32-8127-80a4a87d8900,1,200,198.274,90651
list_submissions,8,e0cc051f-6928-4f75-9b70-03e008cc50a2,1,200,163.167,90651
list_submissions,8,459418c0-ea81-43d6-bffc-1c5ed030dfa8,1,200,186.804,90651
list_submissions,8,79a40966-279d-4dfb-8d2f-246e29d24a75,1,200,167.891,90651
list_submissions,8,a751cf30-c7ba-46dc-9fbc-3281d2030858,1,200,215.464,90651
list_submissions,8,a28c00c8-c1ee-4b9c-b9bb-2b407eb2be37,1,200,273.614,90651
list_submissions,8,611560c3-8814-41f3-9317-9ff2fbb75762,1,200,256.748,90651
list_submissions,8,21ee00db-7211-4c48-863c-90f72ab61323,1,200,212.390,90651
list_submissions,8,7a6b16c9-fb42-4eb9-8109-a2a797cc3109,1,200,249.643,90651
list_submissions,8,9a7d9fbb-bb2a-44d2-a235-ec9919810c52,1,200,256.201,90651
list_submissions,8,1d0ed324-a22c-4fac-b874-f36696a4938d,1,200,148.789,90651
list_submissions,8,5dbfa7a2-3c7a-4972-8151-9827a0b372f1,1,200,117.922,90651
list_submissions,8,064cccae-f66f-4296-8a72-100d698b5e9d,1,200,170.367,90651
list_submissions,8,37054f66-870c-4bc0-9e4a-adba4d7368e2,1,200,90.215,90651
list_submissions,8,ef14ef71-3db8-4385-90ee-f03ff59b0757,1,200,148.045,90651
list_submissions,8,57f5b467-3479-4d54-977c-232c4f83b7a2,1,200,130.891,90651
list_submissions,8,94890ffc-6e9d-468c-874b-59dc4adf8907,1,200,112.107,90651
list_submissions,8,838047c9-93b2-491c-85ad-0d70206b0584,1,200,171.725,90651
list_submissions,8,c4cd6430-d91c-4442-ac8b-2cdbd2f2d4cc,1,200,123.219,90651
list_submissions,8,d96cc4c2-a687-4989-8bad-fa7ecf476130,1,200,93.832,90651
list_submissions,8,27d45500-7c67-4b97-b3b0-75ef59d15341,1,200,123.267,90651
list_submissions,8,0ba6be2f-8e24-4bf2-80cd-cdf49bd50fe4,1,200,100.116,90651
list_submissions,8,f4034e17-4e99-4fe1-b4f6-7d5e87c751b5,1,200,127.827,90651
list_submissions,8,f05527c6-67c2-435d-99b4-408e809dc4b7,1,200,146.426,90651
list_submissions,8,4c40c3c9-94d6-45d7-864b-65b0d3a81eff,1,200,153.425,90651
list_submissions,8,bef686a0-869e-4360-b569-edc47dcd83b7,1,200,138.983,90651
list_submissions,8,a15e46ff-05c7-4067-a9a1-653440e38bc0,1,200,134.899,90651
list_submissions,8,5061b22c-4c84-47cd-8f92-7bac243663b5,1,200,177.918,90651
list_submissions,8,3eb2c4e4-4ca7-46ec-a239-fec423a0c0da,1,200,144.499,90651
list_submissions,8,5ebd56f2-cb81-4f37-8814-f5639537fcc3,1,200,137.617,90651
list_submissions,8,4720a58d-3a77-4c95-973e-54c5b3af4c77,1,200,140.264,90651
list_submissions,8,c80a1f78-156c-45fd-89b1-67bbffa0ab2b,1,200,189.646,90651
list_submissions,8,9279b2d5-35bb-4a02-9bc0-2ac5bc7da2ae,1,200,244.863,90651
list_submissions,8,3efd761c-1a67-4a37-ac65-d3b410519a36,1,200,222.350,90651
list_submissions,8,f1e30361-4f54-4c9a-9e6f-28b1ae7c3b8b,1,200,214.868,90651
list_submissions,8,9f5a409d-46f0-46ce-8893-8e03d12d89b4,1,200,193.258,90651
list_submissions,8,53ce6dbb-f784-4d0c-a3b2-020666bd3f69,1,200,259.235,90651
list_submissions,8,9485217d-bd44-44aa-9e7f-58b8c5ec02f2,1,200,238.582,90651
list_submissions,8,e40842a0-f78a-4676-989f-ad875d6826bb,1,200,262.142,90651
list_submissions,8,b085414b-245e-469c-a6e8-182c6c9c4990,1,200,131.853,90651
list_submissions,8,410a23f3-db93-4d3d-8475-20d809a2fcf9,1,200,157.151,90651
list_submissions,8,561baa6d-567f-4542-a93e-cc8cef23bf8f,1,200,160.539,90651
list_submissions,8,85150cbd-e121-4312-acad-353dca500237,1,200,137.816,90651
list_submissions,8,f5072f83-7c95-41b4-9b5c-09b0690ca6df,1,200,167.930,90651
list_submissions,16,52868ca7-c95d-4d48-95e8-612ef0ca1871,1,200,173.810,90651
list_submissions,16,252ef997-8616-4a78-8caa-19cbe3154867,1,200,199.942,90651
list_submissions,16,2bf76724-95d2-4318-95f1-7639fc4292c5,1,200,218.040,90651
list_submissions,16,0d453135-4a09-458b-8fc4-df371ceb8069,1,200,250.013,90651
list_submissions,16,e0594171-392c-427e-a2fa-3aea37c49800,1,200,267.573,90651
list_submissions,16,70759155-daf6-4612-b4bb-b7cd30246b75,1,200,288.046,90651
list_submissions,16,e85ae360-fb4b-47d9-8c38-5109d17ee5a6,1,200,299.139,90651
list_submissions,16,d2d696c8-07f6-4a98-8aa2-0fa492e4b031,1,200,312.157,90651
list_submissions,16,4bc1442c-617c-4477-abfb-46658bc7379a,1,200,325.780,90651
list_submissions,16,a692ca67-52d8-4959-a9c1-db8ae0c19118,1,200,341.346,90651
list_submissions,16,156e2672-ea46-4c8e-bd64-b4081e29041f,1,200,353.708,90651
list_submissions,16,03796e31-3069-4603-a6e5-1478d8b71921,1,200,368.882,90651
list_submissions,16,505ebabb-66fe-4aba-9523-38f766e820be,1,200,383.451,90651
list_submissions,16,b4751299-e2ce-4e29-be14-debcb617e08d,1,200,458.782,90651
list_submissions,16,cc7861c6-9b5c-4415-abc4-8780cbd21f01,1,200,518.391,90651
list_submissions,16,33c555b3-32dd-4319-af70-e5c3da3633d5,1,200,535.161,90651
list_submissions,16,3986a373-2658-4033-8fd1-caf043a380e3,1,200,350.000,90651
list_submissions,16,ed2897a3-4cbc-4060-845d-db441ff35176,1,200,391.037,90651
list_submissions,16,cb102df6-4107-4862-9db4-c594173eacff,1,200,359.950,90651
list_submissions,16,14566494-1668-4658-9b5c-3796fc2c3473,1,200,343.413,90651
list_submissions,16,d7edd03d-490a-412b-b33b-f4fca8b3cca8,1,200,358.164,90651
list_submissions,16,cff26df1-3cec-41c6-af42-f4def0af6f12,1,200,338.928,90651
list_submissions,16,f33a5b32-a76e-47e4-bcbb-13a9892317ae,1,200,361.985,90651
list_submissions,16,f375f1f8-3dff-46be-a731-8582ced97938,1,200,402.523,90651
list_submissions,16,c50fd166-1669-4a57-bad2-552a2b41b0fa,1,200,275.755,90651
list_submissions,16,e7fb5021-a352-4fcb-8038-d75a63833512,1,200,437.353,90651
list_submissions,16,07a4a82d-3594-497c-a083-d8ccf79f7cd1,1,200,427.695,90651
list_submissions,16,b20a7c59-4970-4f07-bb28-3b4aec15d2bd,1,200,223.652,90651
list_submissions,16,b13bb7d7-301f-46cb-9dad-b803908a86c3,1,200,301.305,90651
list_submissions,16,8d4e6145-3073-47d5-941d-6eb837fdb57d,1,200,498.305,90651
list_submissions,16,9b145947-41de-4e86-aa62-2e8c2b2a30e0,1,200,486.504,90651
list_submissions,16,324ba260-8f25-468e-9dca-8441f8ac5607,1,200,280.790,90651
list_submissions,16,5cca6e8e-0ff4-43d3-a362-71140708599a,1,200,236.215,90651
list_submissions,16,88088051-68d9-4089-a015-984ea7dcaffd,1,200,183.931,90651
list_submissions,16,1652477f-6118-4a7c-b795-6e563ba84591,1,200,525.798,90651
list_submissions,16,fbe23254-f04f-44d8-8031-b35fa2e55952,1,200,370.415,90651
list_submissions,16,35948b71-d615-40e8-8956-424ea26e0e9e,1,200,365.400,90651
list_submissions,16,3144e2df-c713-46b7-a843-ccad11bacffa,1,200,406.904,90651
list_submissions,16,8bfdb36e-c322-4816-9755-5e4c7e350478,1,200,318.267,90651
list_submissions,16,b1f93e9c-0ade-4e3a-898f-cc93019d7a5a,1,200,235.947,90651
list_submissions,16,21831b93-6a49-44a0-b9c2-38bb47b9bcf8,1,200,360.953,90651
list_submissions,16,e5e02dd9-4235-4b0c-9659-4ee37d80c27e,1,200,236.605,90651
list_submissions,16,6bb4022f-4aa7-4a1f-8baf-1bf6dd3d0865,1,200,213.937,90651
list_submissions,16,fa6c467d-91fe-4d4a-8d87-64515b3152fb,1,200,264.050,90651
list_submissions,16,991fe29e-43a7-4264-8e8c-14a5bcdd3eb8,1,200,248.528,90651
list_submissions,16,8069ed4f-34ec-4cfb-99a3-bd0e5c95e5a4,1,200,243.120,90651
list_submissions,16,60114387-1663-405b-aca6-ad01a410d4a6,1,200,365.352,90651
list_submissions,16,18144779-4463-428c-b192-d42701e72721,1,200,326.467,90651
list_submissions,16,8b84ede1-2451-4a3f-b5fd-4049bd43126f,1,200,411.367,90651
list_submissions,16,bc297e7e-899e-4b06-a114-c5cdb6db0069,1,200,453.617,90651
list_submissions,16,dce453eb-16c5-4a23-a654-9142b10a3b33,1,200,494.712,90651
list_submissions,16,a7cc4fc6-83cb-473f-a662-4997bb9cbc4b,1,200,437.626,90651
list_submissions,16,d961cf02-5b63-4521-9871-f8f9d6784b7d,1,200,436.550,90651
list_submissions,16,4b0dbf0c-2057-40f9-b5de-9b160c78928b,1,200,519.540,90651
list_submissions,16,3c694de5-bcf4-48ac-b811-b740fb3729e8,1,200,445.660,90651
list_submissions,16,2dbc3585-50d3-462b-a788-63a1edd99e17,1,200,498.271,90651
list_submissions,16,7a83e2a8-d590-4251-abf4-5ad10ca4735f,1,200,495.556,90651
list_submissions,16,a02e10fe-a76b-480f-8e48-003900c43771,1,200,497.802,90651
list_submissions,16,579b984b-c676-46e0-a8a9-8564cbe4256b,1,200,431.906,90651
list_submissions,16,bbde6c3f-56b1-47c9-bc6a-d2cecc9283ee,1,200,512.391,90651
list_submissions,16,01a17546-f60f-4dcb-a05c-b7fab49670bd,1,200,499.255,90651
list_submissions,16,d0e0fb59-674b-46e4-b255-7646bd77fc25,1,200,385.693,90651
list_submissions,16,788eda44-f6da-42bb-8ee6-fe9e4c45f128,1,200,565.922,90651
list_submissions,16,cb84b609-6974-430f-bc15-d3416bb1c7f8,1,200,431.862,90651
list_submissions,16,29aaea16-3b9f-4292-8c44-e02461cd2c41,1,200,311.458,90651
list_submissions,16,7149357d-5b8d-4632-86b5-09e4376073e7,1,200,356.680,90651
list_submissions,16,ffe5a8c0-9697-4d06-ade1-6463821db75e,1,200,424.711,90651
list_submissions,16,1c689491-a38d-4e27-81c9-9f320fea92b4,1,200,225.414,90651
list_submissions,16,7ed3d408-8891-4c0d-9f20-d84a2a5cebbe,1,200,263.138,90651
list_submissions,16,5493ecba-6a56-497a-b5e7-5a8e059403b4,1,200,438.383,90651
list_submissions,16,85c0bee1-8e08-4da0-a7e3-facec9a6724b,1,200,326.912,90651
list_submissions,16,4626c466-762e-4066-bf73-bada3c484dd0,1,200,416.191,90651
list_submissions,16,b4d164db-b9b5-4673-a6f6-2ac69ddc1194,1,200,456.700,90651
list_submissions,16,089bdc2f-9455-455f-a154-0915e6e1c019,1,200,405.854,90651
list_submissions,16,1818657d-f175-4113-9bce-5c868cd910ca,1,200,509.504,90651
list_submissions,16,a7342614-7ac4-49f1-8b49-fa38cf7d1cc0,1,200,177.534,90651
list_submissions,16,340c7130-143a-4b8e-9848-7dadeaa4c6d2,1,200,509.775,90651
list_submissions,16,746bcdbf-46ff-49ca-b647-9d1470b7125d,1,200,423.149,90651
list_submissions,16,57e24132-8980-4776-9945-09d569265cb3,1,200,328.117,90651
list_submissions,16,71339e7f-0198-4fa6-8674-afb58b44ed88,1,200,296.101,90651
list_submissions,16,183e4153-89d0-478e-8759-1723918d32ca,1,200,318.889,90651
list_submissions,16,cd93ff1a-551c-4053-b456-8b850dd1a763,1,200,345.066,90651
list_submissions,16,9a3b49a7-a21d-4deb-8e60-7dbf3a8819b3,1,200,235.031,90651
list_submissions,16,615a5404-285a-4959-8bc7-7c4dc44234eb,1,200,242.027,90651
list_submissions,16,30d63f41-d75c-40bd-bc42-fa97b29d518f,1,200,237.809,90651
list_submissions,16,cde63730-8432-411b-a5be-4a6f77d544f8,1,200,250.328,90651
list_submissions,16,3def11b3-f422-459e-b08c-317766cc219e,1,200,216.804,90651
list_submissions,16,35c05952-54f3-4e0a-9287-5d7179fe6b0e,1,200,271.147,90651
list_submissions,16,96ef849a-86c2-4a9a-936f-133a582c4d5f,1,200,128.912,90651
list_submissions,16,c7014420-3aa6-4f46-bb00-e4b6340149a5,1,200,152.523,90651
list_submissions,16,aeb7cdc8-2b4e-46d2-93fb-16fb8bfe3f23,1,200,292.602,90651
list_submissions,16,32cc45ce-4c53-4cb5-9444-8d70b9f65898,1,200,248.371,90651
list_submissions,16,ae5e0ac0-f162-4a15-9461-cc89453434e3,1,200,278.167,90651
list_submissions,16,9dd55653-82fa-422c-b7a5-7c0ae008b405,1,200,251.984,90651
list_submissions,16,b85cecfc-ce15-4e3b-b733-37860918f828,1,200,283.295,90651
list_submissions,16,5fd513f6-03a5-4d5b-a118-c9c70b07e5bf,1,200,253.099,90651
list_submissions,16,58833d14-e824-4508-944d-5ca4b287c19f,1,200,278.664,90651
list_submissions,16,4f894948-4fac-4ebd-bb6f-615541b8a133,1,200,249.334,90651
list_submissions,16,21f6fb74-3963-432b-af55-e7d8cae0de0f,1,200,241.955,90651
list_submissions,16,bf6262a5-3ebd-4814-9bb5-3b3cb125ae3f,1,200,328.125,90651
list_submissions,32,d06d7f53-8a90-483a-acb1-71f4dae23cfe,1,200,60.701,90651
list_submissions,32,4e386ab9-447d-4994-9790-8890cd9b9333,1,200,79.765,90651
list_submissions,32,2b1c34d9-96f2-4146-9c18-f8b4ca7ccfae,1,200,102.559,90651
list_submissions,32,a5967605-ddc3-4e3e-abc7-7d2a60bad171,1,200,217.645,90651
list_submissions,32,4775fc8f-2b91-4f70-9e45-f93cadae8dac,1,200,255.701,90651
list_submissions,32,40a1c633-9eba-4b35-b82c-4726377c8cb7,1,200,274.214,90651
list_submissions,32,ed67bd91-de2d-434d-a070-cf913a5c2b2e,1,200,286.063,90651
list_submissions,32,ec8fadfa-b20f-40f4-bdca-09e97dcf92ef,1,200,321.134,90651
list_submissions,32,3cfcfda1-7efb-4dab-933c-0570b5fa3784,1,200,346.944,90651
list_submissions,32,0c3f7d9f-b697-4e5b-8913-3b0fca2e6a5d,1,200,359.130,90651
list_submissions,32,9d13fdd7-985d-4072-9d3e-8c388bed39d1,1,200,373.254,90651
list_submissions,32,446aeafe-7b2c-4b7f-b49c-fe0e9c04e691,1,200,388.240,90651
list_submissions,32,b123efa4-6839-485a-8701-271912f77023,1,200,403.196,90651
list_submissions,32,f05ef306-89bd-4d6e-ad24-8db9ed711c76,1,200,476.641,90651
list_submissions,32,9e29ecdc-f30b-4cc7-b55a-e80bf0bef9f8,1,200,511.626,90651
list_submissions,32,99d61731-3692-4bb7-93be-c13401c7d0bf,1,200,532.824,90651
list_submissions,32,35e7d2c7-b37b-4e9a-9b73-58554dac1ebb,1,200,557.541,90651
list_submissions,32,7d84a644-bb83-4a5c-9cad-84531cb35b5e,1,200,567.734,90651
list_submissions,32,559934c1-9e83-46d2-97c6-a05b5fb1b1e7,1,200,587.313,90651
list_submissions,32,df4473be-0a74-4d4f-821f-e6517c4b0703,1,200,606.097,90651
list_submissions,32,86d46c3d-98a1-416d-99b1-810f4b40263f,1,200,623.215,90651
list_submissions,32,9b04f900-b28e-4af6-b2e3-80754aa3a164,1,200,647.498,90651
list_submissions,32,6dc6cd0a-4b58-4869-8a3e-bb3f48e9fde3,1,200,665.972,90651
list_submissions,32,6a641519-a60c-48f2-9fb5-6f3ec9240aa7,1,200,695.034,90651
list_submissions,32,91b6f7a2-67dd-4fd8-83be-e574e08afb83,1,200,712.709,90651
list_submissions,32,b1a09fdc-d16a-472a-a64e-4b469eec3c50,1,200,741.195,90651
list_submissions,32,d9e997a7-0446-4645-a179-8e3e0ea2272c,1,200,794.458,90651
list_submissions,32,b32e8b0c-bc16-41a7-8714-6890659bd32e,1,200,813.867,90651
list_submissions,32,4a8167fa-07d1-4b0d-82a5-2fc242a9ea92,1,200,774.213,90651
list_submissions,32,b0ef7522-8245-4959-8f65-0497926d2227,1,200,840.652,90651
list_submissions,32,974c56c8-fcf8-4c35-bdeb-9ff61e26a582,1,200,854.460,90651
list_submissions,32,c9a7e543-67d6-4f6a-bd3f-c8fed6e945e3,1,200,587.232,90651
list_submissions,32,8ba83a09-c745-4c63-be63-69271d81ed96,1,200,881.155,90651
list_submissions,32,1fec80d4-8f90-4633-b7f2-3974e67c6758,1,200,894.368,90651
list_submissions,32,41271508-a360-472a-9b3c-89a857012117,1,200,663.093,90651
list_submissions,32,d6ae6af5-9848-4678-8c96-64046222e02b,1,200,716.660,90651
list_submissions,32,85d33836-54e8-4e73-8a1e-e329ad64e51e,1,200,673.226,90651
list_submissions,32,5ff64c16-da0f-48e7-83a3-24d51079e979,1,200,605.170,90651
list_submissions,32,2ea5d93d-10a9-4e60-ad0c-d15017880537,1,200,878.134,90651
list_submissions,32,a6612af8-a9c3-4ee7-959e-1a6f80f5c9fc,1,200,680.335,90651
list_submissions,32,88911bcb-1bac-4fc4-8abe-4e11c5b8b1aa,1,200,981.254,90651
list_submissions,32,ad6291fe-aabe-4b76-8796-bc997450283d,1,200,729.820,90651
list_submissions,32,1351dee5-b8fd-4b86-9e7c-d856d504e1bc,1,200,721.221,90651
list_submissions,32,d512a622-77b4-4e5d-bff7-40ad28398199,1,200,720.631,90651
list_submissions,32,81d2ee90-4143-4322-8e3c-24f184185026,1,200,722.773,90651
list_submissions,32,b8bb78cd-44ec-4c4c-b3dc-033cb12f9b81,1,200,670.100,90651
list_submissions,32,05a167af-feb9-489e-a635-3ecc17626bd5,1,200,627.912,90651
list_submissions,32,77b5aac7-59ee-4391-8eb1-733ec5a61d38,1,200,667.418,90651
list_submissions,32,20c19674-6a48-4bca-8521-13bf2b8f913b,1,200,612.543,90651
list_submissions,32,b1ffce0c-9ebd-4600-b2f1-50947471dec1,1,200,687.745,90651
list_submissions,32,7d472610-e976-414b-9b48-47bb5142f7f4,1,200,624.661,90651
list_submissions,32,44aba477-86a4-47e2-8bdf-38be4f7cf094,1,200,545.468,90651
list_submissions,32,7ede430e-7e9b-4cd7-90f7-2d9e56ea0be9,1,200,615.030,90651
list_submissions,32,b79a130e-7fe9-41d2-8d13-87ecf35c455a,1,200,736.503,90651
list_submissions,32,b0b29838-b39e-4a73-874a-7f8581b36f22,1,200,665.682,90651
list_submissions,32,b45c83eb-9a31-411a-9a49-8351833a33cd,1,200,526.066,90651
list_submissions,32,135c19de-7653-4d3c-9215-6a9e404ca05a,1,200,844.562,90651
list_submissions,32,3d945000-0932-435b-bfe6-d22ef61c0e6f,1,200,618.568,90651
list_submissions,32,6974c1ae-2580-4dfa-8874-c17d80039c1d,1,200,830.416,90651
list_submissions,32,b7d4fd80-6b79-4527-b6eb-66e2248eaa37,1,200,588.734,90651
list_submissions,32,8f8da20b-f6f2-4fd9-b384-a7cb180c8e26,1,200,699.565,90651
list_submissions,32,714401d6-473c-4773-9ee2-da77c2a30daf,1,200,871.060,90651
list_submissions,32,29a8e5d1-b7dd-4a2e-bbc1-92df4e3dce88,1,200,590.708,90651
list_submissions,32,ccaeb3da-6978-43e8-be81-f77f3ddd187c,1,200,570.474,90651
list_submissions,32,fda23147-64db-42ea-8651-636564af109b,1,200,739.162,90651
list_submissions,32,6787cfa5-154d-4a49-850e-e731ebdddc24,1,200,685.647,90651
list_submissions,32,6f3b9893-fc28-429d-b324-c72251bf3cb1,1,200,731.787,90651
list_submissions,32,bd5dfc8f-3571-4504-8be0-42fddf55b337,1,200,758.779,90651
list_submissions,32,6d5f0480-a159-4dd3-bc71-67a68009edb9,1,200,712.813,90651
list_submissions,32,9798c215-6b17-4a10-b572-b9a73c813a95,1,200,835.790,90651
list_submissions,32,efe48e87-8312-42c7-b8c6-bc083f1b838d,1,200,794.606,90651
list_submissions,32,052c65a4-36c2-4ddd-9557-51ec78051029,1,200,679.137,90651
list_submissions,32,75325287-c0f9-40f4-a154-a74740fcd090,1,200,730.314,90651
list_submissions,32,626be76d-e691-4564-b1af-010c54d271d7,1,200,842.941,90651
list_submissions,32,6c78d82c-4645-425e-bf1e-310a11ade730,1,200,776.802,90651
list_submissions,32,d82bc355-e8e5-4bd9-97ec-b170b0c723ae,1,200,755.388,90651
list_submissions,32,7e11feaa-f0c4-4294-b505-1a92e49d3fdd,1,200,735.051,90651
list_submissions,32,29920a82-51f9-4d1e-8db3-415f326027fc,1,200,729.920,90651
list_submissions,32,87da36af-444d-4cf3-b1ae-b3b04fec489b,1,200,772.589,90651
list_submissions,32,923a1a1f-5f11-4fb2-b34f-c5c95d5d62f2,1,200,567.414,90651
list_submissions,32,8580cd01-762f-41d3-a5aa-a21e16a1c605,1,200,787.065,90651
list_submissions,32,d4582663-de2a-460d-bdda-85e34d890945,1,200,613.731,90651
list_submissions,32,4c686cd2-010e-404f-927c-3cfb80bf3b88,1,200,815.656,90651
list_submissions,32,6007c646-a83b-41f4-85e3-03d30b8e2b94,1,200,783.015,90651
list_submissions,32,423d3dd7-9cd2-477c-8819-dd9d5d0d483e,1,200,833.261,90651
list_submissions,32,c901350e-78e6-4098-9b52-09d3fdfabf58,1,200,830.303,90651
list_submissions,32,03e2b58c-e6eb-4864-baaa-b96b4d1a5e4e,1,200,792.310,90651
list_submissions,32,bffc25da-6851-42f0-857f-2bcb27460e68,1,200,790.344,90651
list_submissions,32,364875cd-b3da-4b58-9bd9-529b8bbd1bd9,1,200,768.387,90651
list_submissions,32,0b85f0b2-1df7-4e77-b887-f94f3b088a43,1,200,766.193,90651
list_submissions,32,0b40b97d-6402-4c6e-81ce-4a269e61ff25,1,200,714.236,90651
list_submissions,32,f2b848be-5014-4fcc-b088-ccb955babce8,1,200,762.591,90651
list_submissions,32,2a449572-3949-4f5b-a752-97d832a4269f,1,200,662.351,90651
list_submissions,32,520fb797-188d-4f0b-88a3-75cd23cfa498,1,200,662.424,90651
list_submissions,32,8f23ed2f-f466-4ef2-bd73-c655e04f22b1,1,200,714.108,90651
list_submissions,32,23c3de92-6d0b-4d35-9391-a860403a6d26,1,200,767.546,90651
list_submissions,32,6f54c238-d655-491b-bd12-be6bb2c3e7a8,1,200,677.907,90651
list_submissions,32,f5451e95-8511-4788-872f-1640abae4bfb,1,200,769.440,90651
list_submissions,32,7447c190-09bc-4423-a50c-87e851ede0fa,1,200,719.142,90651
list_submissions,32,5b9e7688-0ad8-483a-a1d9-b04bab9b7621,1,200,700.643,90651
